measure_id,measure_name,location_id,location_name,sex_id,sex_name,age_id,age_name,cause_id,cause_name,metric_id,metric_name,year,val,upper,lower
1,Deaths,537,Indiana,3,Both,22,All ages,515,Asthma,1,Number,1981,68.12493006405928,72.44466894944244,64.23952042630722
1,Deaths,537,Indiana,3,Both,22,All ages,515,Asthma,2,Percent,1981,0.0014439915683585288,0.0015316813165006872,0.0013565322158338616
1,Deaths,537,Indiana,3,Both,22,All ages,515,Asthma,3,Rate,1981,1.2238646859190234,1.3014688151157865,1.1540632836790108
1,Deaths,537,Indiana,3,Both,22,All ages,515,Asthma,1,Number,1980,66.1119277154041,70.24612337563998,61.90145269436493
1,Deaths,537,Indiana,3,Both,22,All ages,515,Asthma,2,Percent,1980,0.0013998303904289653,0.0014879418186164233,0.0013094048430035618
1,Deaths,537,Indiana,3,Both,22,All ages,515,Asthma,3,Rate,1980,1.1900758928422952,1.2644952413858639,1.1142834451992063
1,Deaths,537,Indiana,3,Both,22,All ages,515,Asthma,1,Number,1982,68.48605519357224,72.87126888885462,64.19084241780583
1,Deaths,537,Indiana,3,Both,22,All ages,515,Asthma,2,Percent,1982,0.0014733796720891412,0.0015638986772648585,0.0013835375983117049
1,Deaths,537,Indiana,3,Both,22,All ages,515,Asthma,3,Rate,1982,1.2283247452698107,1.3069753038395349,1.1512883891275156
1,Deaths,537,Indiana,3,Both,22,All ages,515,Asthma,1,Number,1984,75.83340121839007,80.566331701604,70.6804439237415
1,Deaths,537,Indiana,3,Both,22,All ages,515,Asthma,2,Percent,1984,0.0015956780652566804,0.001692745950155713,0.001495815691647839
1,Deaths,537,Indiana,3,Both,22,All ages,515,Asthma,3,Rate,1984,1.3568837077855367,1.441569824451462,1.2646820698834287
1,Deaths,537,Indiana,3,Both,22,All ages,515,Asthma,1,Number,1985,81.71446457170009,86.77973775463278,76.50995200765038
1,Deaths,537,Indiana,3,Both,22,All ages,515,Asthma,2,Percent,1985,0.0016972399465265417,0.0018015827662620583,0.0015923457510117892
1,Deaths,537,Indiana,3,Both,22,All ages,515,Asthma,3,Rate,1985,1.4605166162653855,1.5510503508786173,1.3674941982736866
1,Deaths,537,Indiana,3,Both,22,All ages,515,Asthma,1,Number,1983,73.19060452877535,78.09031419196488,68.68073623230669
1,Deaths,537,Indiana,3,Both,22,All ages,515,Asthma,2,Percent,1983,0.0015464840851215644,0.0016454610261763818,0.0014514416306390875
1,Deaths,537,Indiana,3,Both,22,All ages,515,Asthma,3,Rate,1983,1.311012357715666,1.3987774466778002,1.2302302258230955
1,Deaths,537,Indiana,3,Both,22,All ages,515,Asthma,1,Number,1986,86.47126163365606,91.89757629154549,80.72270037463377
1,Deaths,537,Indiana,3,Both,22,All ages,515,Asthma,2,Percent,1986,0.0017614975385543416,0.0018748375249275136,0.001647521722285566
1,Deaths,537,Indiana,3,Both,22,All ages,515,Asthma,3,Rate,1986,1.5438833443945055,1.640766362676948,1.4412468404929413
1,Deaths,537,Indiana,3,Both,22,All ages,515,Asthma,1,Number,1987,91.67450730453052,97.59365371403793,85.60384505327445
1,Deaths,537,Indiana,3,Both,22,All ages,515,Asthma,2,Percent,1987,0.0018759416481354072,0.001996801391140587,0.0017518521603984273
1,Deaths,537,Indiana,3,Both,22,All ages,515,Asthma,3,Rate,1987,1.6344678618098936,1.7400005214352066,1.5262338211662938
1,Deaths,537,Indiana,3,Both,22,All ages,515,Asthma,1,Number,1988,97.62576321317962,104.09141197783192,90.41087928889272
1,Deaths,537,Indiana,3,Both,22,All ages,515,Asthma,2,Percent,1988,0.001959891668507523,0.0020841086851364813,0.0018227585951543536
1,Deaths,537,Indiana,3,Both,22,All ages,515,Asthma,3,Rate,1988,1.7369026057915071,1.8519357877901417,1.6085394537287394
1,Deaths,537,Indiana,3,Both,22,All ages,515,Asthma,1,Number,1989,100.3504616808965,106.79344785186493,92.9198082638904
1,Deaths,537,Indiana,3,Both,22,All ages,515,Asthma,2,Percent,1989,0.0020525768091359258,0.002189064664897556,0.0018999902826133625
1,Deaths,537,Indiana,3,Both,22,All ages,515,Asthma,3,Rate,1989,1.7797977187626965,1.8940693613344441,1.6480089877595658
1,Deaths,537,Indiana,3,Both,22,All ages,515,Asthma,1,Number,1991,107.57343873819445,114.90220140162215,99.6749305516422
1,Deaths,537,Indiana,3,Both,22,All ages,515,Asthma,2,Percent,1991,0.0021315751235474138,0.002265404069150208,0.0019822261482030316
1,Deaths,537,Indiana,3,Both,22,All ages,515,Asthma,3,Rate,1991,1.8915187671337064,2.0203841476620736,1.7526352598063715
1,Deaths,537,Indiana,3,Both,22,All ages,515,Asthma,1,Number,1990,100.42651970368605,107.39173061767102,93.32610596729255
1,Deaths,537,Indiana,3,Both,22,All ages,515,Asthma,2,Percent,1990,0.002038864356997005,0.0021768682385045466,0.001887768734184492
1,Deaths,537,Indiana,3,Both,22,All ages,515,Asthma,3,Rate,1990,1.7739095771960987,1.8969413658507774,1.648489598825776
1,Deaths,537,Indiana,3,Both,22,All ages,515,Asthma,1,Number,1995,120.85217706611778,127.7880558856823,111.89562522903195
1,Deaths,537,Indiana,3,Both,22,All ages,515,Asthma,2,Percent,1995,0.0022549080503038612,0.0023811333698565878,0.0021014958879203237
1,Deaths,537,Indiana,3,Both,22,All ages,515,Asthma,3,Rate,1995,2.0818004420157634,2.2012779387631958,1.9275148178256312
1,Deaths,537,Indiana,3,Both,22,All ages,515,Asthma,1,Number,1992,107.80230681358485,114.91665055235813,100.47281537513345
1,Deaths,537,Indiana,3,Both,22,All ages,515,Asthma,2,Percent,1992,0.002160224040157245,0.002298357697724,0.002004746177129399
1,Deaths,537,Indiana,3,Both,22,All ages,515,Asthma,3,Rate,1992,1.8863698738038204,2.010859637496107,1.758115365635396
1,Deaths,537,Indiana,3,Both,22,All ages,515,Asthma,1,Number,1994,112.8554377488427,119.97862201295654,104.6025958711211
1,Deaths,537,Indiana,3,Both,22,All ages,515,Asthma,2,Percent,1994,0.0021570949799589235,0.0022870189007221813,0.0020090783776988462
1,Deaths,537,Indiana,3,Both,22,All ages,515,Asthma,3,Rate,1994,1.9546014015191462,2.07797149536346,1.811666186145564
1,Deaths,537,Indiana,3,Both,22,All ages,515,Asthma,1,Number,1997,117.13767057108785,124.1503110433156,108.57611532116957
1,Deaths,537,Indiana,3,Both,22,All ages,515,Asthma,2,Percent,1997,0.0022289079332201995,0.0023590369131958533,0.0020593450271816894
1,Deaths,537,Indiana,3,Both,22,All ages,515,Asthma,3,Rate,1997,1.9937373402161007,2.113095725053592,1.8480157093447902
1,Deaths,537,Indiana,3,Both,22,All ages,515,Asthma,1,Number,1998,112.45092108678098,119.17550498594055,104.61122068655014
1,Deaths,537,Indiana,3,Both,22,All ages,515,Asthma,2,Percent,1998,0.002088660322272135,0.0022037368503531043,0.0019450735026849662
1,Deaths,537,Indiana,3,Both,22,All ages,515,Asthma,3,Rate,1998,1.901480500776532,2.0151893529274187,1.7689156689467889
1,Deaths,537,Indiana,3,Both,22,All ages,515,Asthma,1,Number,1999,103.91626883407235,109.89332142163876,96.39470985903444
1,Deaths,537,Indiana,3,Both,22,All ages,515,Asthma,2,Percent,1999,0.0019036282210626234,0.00200992685374849,0.0017728601890282692
1,Deaths,537,Indiana,3,Both,22,All ages,515,Asthma,3,Rate,1999,1.7452939416862965,1.8456797021380762,1.6189678961261833
1,Deaths,537,Indiana,3,Both,22,All ages,515,Asthma,1,Number,2001,89.84770425224963,95.493624522192,83.50803414111647
1,Deaths,537,Indiana,3,Both,22,All ages,515,Asthma,2,Percent,2001,0.0016266808887137035,0.0017222034300079575,0.001511819924797426
1,Deaths,537,Indiana,3,Both,22,All ages,515,Asthma,3,Rate,2001,1.4884141812707516,1.581944315023678,1.3833914099432072
1,Deaths,537,Indiana,3,Both,22,All ages,515,Asthma,1,Number,2004,85.2315821088803,90.91026100315801,78.93225036886855
1,Deaths,537,Indiana,3,Both,22,All ages,515,Asthma,2,Percent,2004,0.0015688320378472885,0.0016682760111112163,0.001456887510931621
1,Deaths,537,Indiana,3,Both,22,All ages,515,Asthma,3,Rate,2004,1.3821575899193512,1.4742458621329801,1.2800045034642082
1,Deaths,537,Indiana,3,Both,22,All ages,515,Asthma,1,Number,2000,95.64059680126928,101.37760165724467,88.52230096785655
1,Deaths,537,Indiana,3,Both,22,All ages,515,Asthma,2,Percent,2000,0.0017343846000192889,0.0018313335731790603,0.0016104231785838245
1,Deaths,537,Indiana,3,Both,22,All ages,515,Asthma,3,Rate,2000,1.5952615759452233,1.6909534025736734,1.4765301563488984
1,Deaths,537,Indiana,3,Both,22,All ages,515,Asthma,1,Number,2003,87.61153542064847,93.46908214854885,81.34767205797367
1,Deaths,537,Indiana,3,Both,22,All ages,515,Asthma,2,Percent,2003,0.0015749361056610167,0.0016728721935491322,0.0014618104773057386
1,Deaths,537,Indiana,3,Both,22,All ages,515,Asthma,3,Rate,2003,1.431262874829197,1.5269544881420842,1.3289334836028641
1,Deaths,537,Indiana,3,Both,22,All ages,515,Asthma,1,Number,2005,85.0470482265898,90.74694055013163,78.74054200004221
1,Deaths,537,Indiana,3,Both,22,All ages,515,Asthma,2,Percent,2005,0.0015472261779645837,0.0016479124984832881,0.0014334160238079633
1,Deaths,537,Indiana,3,Both,22,All ages,515,Asthma,3,Rate,2005,1.3686945223130869,1.4604250592768282,1.267201516886119
1,Deaths,537,Indiana,3,Both,22,All ages,515,Asthma,1,Number,2007,77.95938329330016,82.83888807482082,72.13212778507153
1,Deaths,537,Indiana,3,Both,22,All ages,515,Asthma,2,Percent,2007,0.0014316041472490213,0.0015244619485785024,0.0013343931382193345
1,Deaths,537,Indiana,3,Both,22,All ages,515,Asthma,3,Rate,2007,1.2353832623490788,1.3127063282969442,1.1430416657870148
1,Deaths,537,Indiana,3,Both,22,All ages,515,Asthma,1,Number,2006,82.05740628568958,87.95498771035268,75.94787057228733
1,Deaths,537,Indiana,3,Both,22,All ages,515,Asthma,2,Percent,2006,0.0014721234201035055,0.0015676743156446766,0.0013681038057405167
1,Deaths,537,Indiana,3,Both,22,All ages,515,Asthma,3,Rate,2006,1.3105068647948124,1.4046948399277215,1.212933850297535
1,Deaths,537,Indiana,3,Both,22,All ages,515,Asthma,1,Number,2009,77.74551292641534,83.19649683293044,72.73788434127795
1,Deaths,537,Indiana,3,Both,22,All ages,515,Asthma,2,Percent,2009,0.0013813686267982745,0.001469985883477157,0.0012933883628599898
1,Deaths,537,Indiana,3,Both,22,All ages,515,Asthma,3,Rate,2009,1.213970460514106,1.2990857706350945,1.1357779970424642
1,Deaths,537,Indiana,3,Both,22,All ages,515,Asthma,1,Number,2008,78.48152912070151,84.09565016432188,73.16853327469698
1,Deaths,537,Indiana,3,Both,22,All ages,515,Asthma,2,Percent,2008,0.0014078737430629215,0.00150291980255204,0.001312617655811212
1,Deaths,537,Indiana,3,Both,22,All ages,515,Asthma,3,Rate,2008,1.2342339416541463,1.3225239994833484,1.1506795068912707
1,Deaths,537,Indiana,3,Both,22,All ages,515,Asthma,1,Number,2010,77.38505964458517,82.45935634968606,72.33670772293574
1,Deaths,537,Indiana,3,Both,22,All ages,515,Asthma,2,Percent,2010,0.0013683622571069674,0.0014571649950366476,0.0012816882406996653
1,Deaths,537,Indiana,3,Both,22,All ages,515,Asthma,3,Rate,2010,1.2002170689925238,1.2789177580734148,1.1219187750521542
1,Deaths,537,Indiana,3,Both,22,All ages,515,Asthma,1,Number,2012,81.12678604657009,86.75214806065105,75.25057273542306
1,Deaths,537,Indiana,3,Both,22,All ages,515,Asthma,2,Percent,2012,0.0013736164707525327,0.0014632293853893738,0.0012799017197292414
1,Deaths,537,Indiana,3,Both,22,All ages,515,Asthma,3,Rate,2012,1.2424657989682948,1.328618847177289,1.1524709350974223
1,Deaths,537,Indiana,3,Both,22,All ages,515,Asthma,1,Number,2011,79.72038670105042,85.21766455126306,74.30440611122069
1,Deaths,537,Indiana,3,Both,22,All ages,515,Asthma,2,Percent,2011,0.0013726263605717086,0.0014625544426389205,0.0012827280893757515
1,Deaths,537,Indiana,3,Both,22,All ages,515,Asthma,3,Rate,2011,1.2284929060451835,1.3132060781835797,1.1450325264708268
1,Deaths,537,Indiana,3,Both,22,All ages,515,Asthma,1,Number,2014,85.0172764044576,90.42324681855422,78.9044710837814
1,Deaths,537,Indiana,3,Both,22,All ages,515,Asthma,2,Percent,2014,0.0013904898292019987,0.0014760927996950231,0.0012940627192315733
1,Deaths,537,Indiana,3,Both,22,All ages,515,Asthma,3,Rate,2014,1.2868047466756616,1.3686284498504553,1.1942825296061679
1,Deaths,537,Indiana,3,Both,22,All ages,515,Asthma,1,Number,2013,83.59018616903691,89.21226829070577,77.38573051975636
1,Deaths,537,Indiana,3,Both,22,All ages,515,Asthma,2,Percent,2013,0.0013903512389466322,0.0014776455422862594,0.0012901890503930018
1,Deaths,537,Indiana,3,Both,22,All ages,515,Asthma,3,Rate,2013,1.2725616097352865,1.358151153229627,1.178106118840539
1,Deaths,537,Indiana,3,Both,22,All ages,515,Asthma,1,Number,2015,86.35513751706752,91.97857855701791,80.04342689149776
1,Deaths,537,Indiana,3,Both,22,All ages,515,Asthma,2,Percent,2015,0.0013922496849554501,0.0014772965135327512,0.0012934457647033276
1,Deaths,537,Indiana,3,Both,22,All ages,515,Asthma,3,Rate,2015,1.2997852364943885,1.384427168082763,1.2047837284889293
1,Deaths,537,Indiana,3,Both,22,All ages,515,Asthma,1,Number,2016,82.88362749073299,88.18438130463451,76.92989256987579
1,Deaths,537,Indiana,3,Both,22,All ages,515,Asthma,2,Percent,2016,0.001300075756669975,0.001379486758492229,0.0012081196934983062
1,Deaths,537,Indiana,3,Both,22,All ages,515,Asthma,3,Rate,2016,1.2411369701854074,1.320512858131674,1.1519830474545771
1,Deaths,537,Indiana,3,Both,22,All ages,515,Asthma,1,Number,2017,85.7417548184959,91.03811856013121,79.46060132812335
1,Deaths,537,Indiana,3,Both,22,All ages,515,Asthma,2,Percent,2017,0.0013042597747729503,0.0013819898141990796,0.0012068797827816515
1,Deaths,537,Indiana,3,Both,22,All ages,515,Asthma,3,Rate,2017,1.2779523581017886,1.3568928993505172,1.1843338529567413
1,Deaths,537,Indiana,3,Both,22,All ages,515,Asthma,1,Number,2018,81.91408776611902,87.56482916547922,75.69121008714916
1,Deaths,537,Indiana,3,Both,22,All ages,515,Asthma,2,Percent,2018,0.0012599455689637977,0.00134336741766682,0.0011667541318645838
1,Deaths,537,Indiana,3,Both,22,All ages,515,Asthma,3,Rate,2018,1.2155731032225088,1.299427900921534,1.1232280263561545
1,Deaths,537,Indiana,3,Both,22,All ages,515,Asthma,1,Number,2021,82.70332122726978,95.60108035473495,70.89748371241012
1,Deaths,537,Indiana,3,Both,22,All ages,515,Asthma,2,Percent,2021,0.0010569526620557259,0.0011485232987647625,0.0009573059531864659
1,Deaths,537,Indiana,3,Both,22,All ages,515,Asthma,3,Rate,2021,1.2163223526678824,1.4060104146859933,1.0426932426370024
1,Deaths,537,Indiana,3,Both,22,All ages,515,Asthma,1,Number,2002,89.18073402537522,94.87704996397188,82.29814415181085
1,Deaths,537,Indiana,3,Both,22,All ages,515,Asthma,2,Percent,2002,0.0016180776549279592,0.0017143518865088303,0.0015029242539479828
1,Deaths,537,Indiana,3,Both,22,All ages,515,Asthma,3,Rate,2002,1.4672265810504985,1.5609439769713764,1.3539922718768453
1,Deaths,537,Indiana,3,Both,22,All ages,515,Asthma,1,Number,2019,83.61350292809315,89.56262895032063,76.98863337425985
1,Deaths,537,Indiana,3,Both,22,All ages,515,Asthma,2,Percent,2019,0.0012680061707796978,0.001353877702070438,0.001171004049730032
1,Deaths,537,Indiana,3,Both,22,All ages,515,Asthma,3,Rate,2019,1.2357386226741927,1.3236617994264557,1.137828513766418
1,Deaths,537,Indiana,3,Both,22,All ages,515,Asthma,1,Number,1996,122.42881384655489,130.08924674862402,113.63927398005723
1,Deaths,537,Indiana,3,Both,22,All ages,515,Asthma,2,Percent,1996,0.00231939236387588,0.002458405531200031,0.0021525378964844994
1,Deaths,537,Indiana,3,Both,22,All ages,515,Asthma,3,Rate,1996,2.096844463896692,2.228045084217066,1.9463055717012285
1,Deaths,537,Indiana,3,Both,22,All ages,515,Asthma,1,Number,2020,83.07254864267027,90.24954748987541,75.74748169713031
1,Deaths,537,Indiana,3,Both,22,All ages,515,Asthma,2,Percent,2020,0.0010694144818800798,0.001159305268577198,0.0009762909946391001
1,Deaths,537,Indiana,3,Both,22,All ages,515,Asthma,3,Rate,2020,1.2241538681918467,1.3299138459987851,1.1162119646068511
1,Deaths,537,Indiana,3,Both,22,All ages,515,Asthma,1,Number,1993,111.80683027073741,119.28613419178839,103.91740811719856
1,Deaths,537,Indiana,3,Both,22,All ages,515,Asthma,2,Percent,1993,0.002161465309691646,0.0022932546100598,0.0020172233095866773
1,Deaths,537,Indiana,3,Both,22,All ages,515,Asthma,3,Rate,1993,1.94652734350009,2.076740046582896,1.809174590460833
5,Prevalence,537,Indiana,3,Both,22,All ages,515,Asthma,1,Number,1990,533929.6412051783,632766.864471409,450289.50722800696
5,Prevalence,537,Indiana,3,Both,22,All ages,515,Asthma,2,Percent,1990,0.1006903039787965,0.1190227904039989,0.0851134514222686
5,Prevalence,537,Indiana,3,Both,22,All ages,515,Asthma,3,Rate,1990,9431.20310130571,11177.03973342989,7953.804151926171
5,Prevalence,537,Indiana,3,Both,22,All ages,515,Asthma,1,Number,1991,497753.1520094998,586302.8116034811,423124.77875332994
5,Prevalence,537,Indiana,3,Both,22,All ages,515,Asthma,2,Percent,1991,0.0935249181072686,0.1100121359251115,0.0796159779138323
5,Prevalence,537,Indiana,3,Both,22,All ages,515,Asthma,3,Rate,1991,8752.24813364305,10309.2620667288,7440.0192950888095
5,Prevalence,537,Indiana,3,Both,22,All ages,515,Asthma,1,Number,1992,466109.3809987116,544442.5315860463,399977.6893792635
5,Prevalence,537,Indiana,3,Both,22,All ages,515,Asthma,2,Percent,1992,0.0872184342769431,0.1018085956934838,0.0746734216171185
5,Prevalence,537,Indiana,3,Both,22,All ages,515,Asthma,3,Rate,1992,8156.176989178431,9526.88323615706,6998.97697684168
5,Prevalence,537,Indiana,3,Both,22,All ages,515,Asthma,1,Number,1993,440303.5477295787,510319.3625881989,378938.0534985929
5,Prevalence,537,Indiana,3,Both,22,All ages,515,Asthma,2,Percent,1993,0.0820141997931032,0.0950719696240572,0.0706859802056741
5,Prevalence,537,Indiana,3,Both,22,All ages,515,Asthma,3,Rate,1993,7665.56831116995,8884.52512954792,6597.2112870170695
5,Prevalence,537,Indiana,3,Both,22,All ages,515,Asthma,1,Number,1994,421911.8123758085,487525.42849693145,363975.920308133
5,Prevalence,537,Indiana,3,Both,22,All ages,515,Asthma,2,Percent,1994,0.0782055740176605,0.0902583918608726,0.0674889516076537
5,Prevalence,537,Indiana,3,Both,22,All ages,515,Asthma,3,Rate,1994,7307.30779337829,8443.70377559494,6303.8862649823195
5,Prevalence,537,Indiana,3,Both,22,All ages,515,Asthma,1,Number,1995,412880.7368398479,477092.8908510147,357132.1000507418
5,Prevalence,537,Indiana,3,Both,22,All ages,515,Asthma,2,Percent,1995,0.0761213772046621,0.0879603045912152,0.0656852633996356
5,Prevalence,537,Indiana,3,Both,22,All ages,515,Asthma,3,Rate,1995,7112.286442161,8218.40545340642,6151.96003740088
5,Prevalence,537,Indiana,3,Both,22,All ages,515,Asthma,1,Number,1996,411401.651340637,474797.4745626373,355084.06999469025
5,Prevalence,537,Indiana,3,Both,22,All ages,515,Asthma,2,Percent,1996,0.0754081220242218,0.0869928002123652,0.0651597162232982
5,Prevalence,537,Indiana,3,Both,22,All ages,515,Asthma,3,Rate,1996,7046.09681290191,8131.88027171931,6081.54275936589
5,Prevalence,537,Indiana,3,Both,22,All ages,515,Asthma,1,Number,1997,413547.0851663987,477805.7835911081,358430.06742588634
5,Prevalence,537,Indiana,3,Both,22,All ages,515,Asthma,2,Percent,1997,0.0753249926785662,0.0868749593990536,0.0654658982143005
5,Prevalence,537,Indiana,3,Both,22,All ages,515,Asthma,3,Rate,1997,7038.76269362387,8132.475466452831,6100.64555491977
5,Prevalence,537,Indiana,3,Both,22,All ages,515,Asthma,1,Number,1998,417769.0708469021,481284.6320538546,363506.1668860556
5,Prevalence,537,Indiana,3,Both,22,All ages,515,Asthma,2,Percent,1998,0.0755933591610556,0.0871383090955626,0.0657948037815718
5,Prevalence,537,Indiana,3,Both,22,All ages,515,Asthma,3,Rate,1998,7064.235084654149,8138.2467509320595,6146.68053908104
5,Prevalence,537,Indiana,3,Both,22,All ages,515,Asthma,1,Number,1999,422793.5221758352,486647.374900401,368318.51006270567
5,Prevalence,537,Indiana,3,Both,22,All ages,515,Asthma,2,Percent,1999,0.0759859527550672,0.0875141757930551,0.0662469258995045
5,Prevalence,537,Indiana,3,Both,22,All ages,515,Asthma,3,Rate,1999,7100.8994175486605,8173.3372905006,6185.98099639035
5,Prevalence,537,Indiana,3,Both,22,All ages,515,Asthma,1,Number,2000,427325.4215893883,491139.5403883509,373149.7130533829
5,Prevalence,537,Indiana,3,Both,22,All ages,515,Asthma,2,Percent,2000,0.0762722680643183,0.0876156151897048,0.0666833980580606
5,Prevalence,537,Indiana,3,Both,22,All ages,515,Asthma,3,Rate,2000,7127.68268168205,8192.08645087139,6224.04521947887
5,Prevalence,537,Indiana,3,Both,22,All ages,515,Asthma,1,Number,2001,431576.7596107445,495981.7302731696,376707.8947659849
5,Prevalence,537,Indiana,3,Both,22,All ages,515,Asthma,2,Percent,2001,0.0765094841149053,0.0877596584521083,0.0668473061169188
5,Prevalence,537,Indiana,3,Both,22,All ages,515,Asthma,3,Rate,2001,7149.486730435039,8216.41740469186,6240.530878698581
5,Prevalence,537,Indiana,3,Both,22,All ages,515,Asthma,1,Number,2002,436600.8226651702,501157.4809541041,381098.4717742116
5,Prevalence,537,Indiana,3,Both,22,All ages,515,Asthma,2,Percent,2002,0.0768801480495741,0.0880752966563274,0.0672173865161787
5,Prevalence,537,Indiana,3,Both,22,All ages,515,Asthma,3,Rate,2002,7183.0798358373995,8245.18418001523,6269.9395098693
5,Prevalence,537,Indiana,3,Both,22,All ages,515,Asthma,1,Number,2003,442335.0419504784,507578.86152824777,386537.7788202218
5,Prevalence,537,Indiana,3,Both,22,All ages,515,Asthma,2,Percent,2003,0.0773571259903602,0.0884990316896404,0.0676389376415917
5,Prevalence,537,Indiana,3,Both,22,All ages,515,Asthma,3,Rate,2003,7226.19139979738,8292.04484392854,6314.6613044511805
5,Prevalence,537,Indiana,3,Both,22,All ages,515,Asthma,1,Number,2004,449042.2774820444,514860.44174785167,392794.3940556856
5,Prevalence,537,Indiana,3,Both,22,All ages,515,Asthma,2,Percent,2004,0.0779670705859321,0.0891769357962485,0.0683234175953035
5,Prevalence,537,Indiana,3,Both,22,All ages,515,Asthma,3,Rate,2004,7281.89218902008,8349.2321707927,6369.74862590604
5,Prevalence,537,Indiana,3,Both,22,All ages,515,Asthma,1,Number,2005,456906.8157084283,522898.70743741887,400265.266720072
5,Prevalence,537,Indiana,3,Both,22,All ages,515,Asthma,2,Percent,2005,0.0787306096131084,0.0898671463383164,0.0690135581130737
5,Prevalence,537,Indiana,3,Both,22,All ages,515,Asthma,3,Rate,2005,7353.17531775454,8415.20795274857,6441.62130791823
5,Prevalence,537,Indiana,3,Both,22,All ages,515,Asthma,1,Number,2006,474492.2692123544,538189.5152952978,420200.58326228056
5,Prevalence,537,Indiana,3,Both,22,All ages,515,Asthma,2,Percent,2006,0.0811330811801959,0.0917142527937869,0.0718720895540749
5,Prevalence,537,Indiana,3,Both,22,All ages,515,Asthma,3,Rate,2006,7577.93116114252,8595.2150607773,6710.85979781984
5,Prevalence,537,Indiana,3,Both,22,All ages,515,Asthma,1,Number,2007,505666.7066355085,567553.2262982316,454578.54564811103
5,Prevalence,537,Indiana,3,Both,22,All ages,515,Asthma,2,Percent,2007,0.0857879987298174,0.0960358767982889,0.0771291515578547
5,Prevalence,537,Indiana,3,Both,22,All ages,515,Asthma,3,Rate,2007,8013.04678558655,8993.73143606319,7203.47831131348
5,Prevalence,537,Indiana,3,Both,22,All ages,515,Asthma,1,Number,2008,542643.9146724055,602808.2844560037,490850.7685039921
5,Prevalence,537,Indiana,3,Both,22,All ages,515,Asthma,2,Percent,2008,0.0913428123832983,0.1012235956372501,0.0828685127499307
5,Prevalence,537,Indiana,3,Both,22,All ages,515,Asthma,3,Rate,2008,8533.84924101962,9480.01973612993,7719.3281726571995
5,Prevalence,537,Indiana,3,Both,22,All ages,515,Asthma,1,Number,2009,577168.587693576,635524.897350772,525725.0871015729
5,Prevalence,537,Indiana,3,Both,22,All ages,515,Asthma,2,Percent,2009,0.0964176139675754,0.1059272571967158,0.087883293708712
5,Prevalence,537,Indiana,3,Both,22,All ages,515,Asthma,3,Rate,2009,9012.29652777278,9923.51099458711,8209.02328725483
5,Prevalence,537,Indiana,3,Both,22,All ages,515,Asthma,1,Number,2010,600870.910652365,657708.0710171538,549835.4864646653
5,Prevalence,537,Indiana,3,Both,22,All ages,515,Asthma,2,Percent,2010,0.0996328441913745,0.1088193247350039,0.0913447516669536
5,Prevalence,537,Indiana,3,Both,22,All ages,515,Asthma,3,Rate,2010,9319.31210673317,10200.83795081977,8527.76930099421
5,Prevalence,537,Indiana,3,Both,22,All ages,515,Asthma,1,Number,2011,615793.5493491445,672178.798151239,567077.284464677
5,Prevalence,537,Indiana,3,Both,22,All ages,515,Asthma,2,Percent,2011,0.1012904252876374,0.1103313555134723,0.0932724499430765
5,Prevalence,537,Indiana,3,Both,22,All ages,515,Asthma,3,Rate,2011,9489.39208988859,10358.29000954776,8738.673380457181
5,Prevalence,537,Indiana,3,Both,22,All ages,515,Asthma,1,Number,2012,629797.0194172976,684851.2374396769,582281.0925821026
5,Prevalence,537,Indiana,3,Both,22,All ages,515,Asthma,2,Percent,2012,0.1026858192147377,0.1113895155741552,0.0948967137274029
5,Prevalence,537,Indiana,3,Both,22,All ages,515,Asthma,3,Rate,2012,9645.411769042279,10488.57327358511,8917.700036876291
5,Prevalence,537,Indiana,3,Both,22,All ages,515,Asthma,1,Number,2013,642199.7141730739,697892.0901516873,596198.6706202084
5,Prevalence,537,Indiana,3,Both,22,All ages,515,Asthma,2,Percent,2013,0.1037858802330278,0.1123364535609932,0.0961907054014177
5,Prevalence,537,Indiana,3,Both,22,All ages,515,Asthma,3,Rate,2013,9776.73025380034,10624.58073569794,9076.41883309411
5,Prevalence,537,Indiana,3,Both,22,All ages,515,Asthma,1,Number,2014,652174.7967041334,708082.6922936006,604377.1488241614
5,Prevalence,537,Indiana,3,Both,22,All ages,515,Asthma,2,Percent,2014,0.1045389676603134,0.1130646393640737,0.097006326032309
5,Prevalence,537,Indiana,3,Both,22,All ages,515,Asthma,3,Rate,2014,9871.18924003913,10717.400133445259,9147.73345818987
5,Prevalence,537,Indiana,3,Both,22,All ages,515,Asthma,1,Number,2015,659178.778638402,714928.3872307431,610512.9057614821
5,Prevalence,537,Indiana,3,Both,22,All ages,515,Asthma,2,Percent,2015,0.1049381579314175,0.1134819221159872,0.0972861810055899
5,Prevalence,537,Indiana,3,Both,22,All ages,515,Asthma,3,Rate,2015,9921.71246922348,10760.83472960254,9189.21194979543
5,Prevalence,537,Indiana,3,Both,22,All ages,515,Asthma,1,Number,2016,663758.5408429392,721782.2252973134,615392.5690167032
5,Prevalence,537,Indiana,3,Both,22,All ages,515,Asthma,2,Percent,2016,0.1050496775161372,0.1139283261785273,0.0974244549828541
5,Prevalence,537,Indiana,3,Both,22,All ages,515,Asthma,3,Rate,2016,9939.42095993084,10808.293885777979,9215.1669962732
5,Prevalence,537,Indiana,3,Both,22,All ages,515,Asthma,1,Number,2017,667849.8662755757,730297.4862222183,615169.3084621629
5,Prevalence,537,Indiana,3,Both,22,All ages,515,Asthma,2,Percent,2017,0.1051118919812619,0.1146849381448855,0.0971327867650828
5,Prevalence,537,Indiana,3,Both,22,All ages,515,Asthma,3,Rate,2017,9954.080287621151,10884.84130758855,9168.89408253027
5,Prevalence,537,Indiana,3,Both,22,All ages,515,Asthma,1,Number,2018,671961.6428339289,737340.2540981015,618240.1923584725
5,Prevalence,537,Indiana,3,Both,22,All ages,515,Asthma,2,Percent,2018,0.1052077864336285,0.1153816287487673,0.0968616585700183
5,Prevalence,537,Indiana,3,Both,22,All ages,515,Asthma,3,Rate,2018,9971.64861016719,10941.84169350686,9174.443244827391
5,Prevalence,537,Indiana,3,Both,22,All ages,515,Asthma,1,Number,2019,676742.3118593964,747315.5376927084,619717.647375566
5,Prevalence,537,Indiana,3,Both,22,All ages,515,Asthma,2,Percent,2019,0.1054511497668533,0.1160129185337481,0.0968266987126576
5,Prevalence,537,Indiana,3,Both,22,All ages,515,Asthma,3,Rate,2019,10001.69330403092,11044.707384710351,9158.91578748186
5,Prevalence,537,Indiana,3,Both,22,All ages,515,Asthma,1,Number,2020,684589.1474830785,760088.7276479583,620317.1404504925
5,Prevalence,537,Indiana,3,Both,22,All ages,515,Asthma,2,Percent,2020,0.1061967309540591,0.1177577297875519,0.0964946149709819
5,Prevalence,537,Indiana,3,Both,22,All ages,515,Asthma,3,Rate,2020,10088.079235637031,11200.63813283962,9140.96942245645
5,Prevalence,537,Indiana,3,Both,22,All ages,515,Asthma,1,Number,2021,685444.9937672565,768136.2871644252,616620.1716828236
5,Prevalence,537,Indiana,3,Both,22,All ages,515,Asthma,2,Percent,2021,0.1060622539055901,0.1188803730471339,0.0953801605300684
5,Prevalence,537,Indiana,3,Both,22,All ages,515,Asthma,3,Rate,2021,10080.87770928003,11297.02316798056,9068.66721667309
6,Incidence,537,Indiana,3,Both,22,All ages,515,Asthma,1,Number,1990,71012.47581339002,90224.66672490674,57161.30904088722
6,Incidence,537,Indiana,3,Both,22,All ages,515,Asthma,2,Percent,1990,0.00244071080142,0.0030957651215442,0.0019475974194935
6,Incidence,537,Indiana,3,Both,22,All ages,515,Asthma,3,Rate,1990,1254.34707204291,1593.7065316499602,1009.6834367244701
6,Incidence,537,Indiana,3,Both,22,All ages,515,Asthma,1,Number,1991,66687.36011201561,84282.31528016696,53884.25659773844
6,Incidence,537,Indiana,3,Both,22,All ages,515,Asthma,2,Percent,1991,0.0022847345371302,0.0028875186993324,0.0018246267527778
6,Incidence,537,Indiana,3,Both,22,All ages,515,Asthma,3,Rate,1991,1172.59794482794,1481.97903645997,947.4744305211299
6,Incidence,537,Indiana,3,Both,22,All ages,515,Asthma,1,Number,1992,62737.988945313096,78710.4195664532,50706.800597549285
6,Incidence,537,Indiana,3,Both,22,All ages,515,Asthma,2,Percent,1992,0.0021415324989716,0.0026983785767252,0.0017115545835443
6,Incidence,537,Indiana,3,Both,22,All ages,515,Asthma,3,Rate,1992,1097.8155828717502,1377.307857441,887.2888147894499
6,Incidence,537,Indiana,3,Both,22,All ages,515,Asthma,1,Number,1993,59373.67059363158,74183.32737898295,48415.05537804183
6,Incidence,537,Indiana,3,Both,22,All ages,515,Asthma,2,Percent,1993,0.00201806442285,0.0025417684464265,0.0016023122138794
6,Incidence,537,Indiana,3,Both,22,All ages,515,Asthma,3,Rate,1993,1033.67990143907,1291.51210910235,842.8933089528299
6,Incidence,537,Indiana,3,Both,22,All ages,515,Asthma,1,Number,1994,56943.57784638102,70976.47586352167,46530.83120969107
6,Incidence,537,Indiana,3,Both,22,All ages,515,Asthma,2,Percent,1994,0.0019263877840997,0.0024290211820958,0.0015257011242854
6,Incidence,537,Indiana,3,Both,22,All ages,515,Asthma,3,Rate,1994,986.23512775477,1229.27810981045,805.89141037863
6,Incidence,537,Indiana,3,Both,22,All ages,515,Asthma,1,Number,1995,55763.71840606631,69769.64045015877,45453.84185490324
6,Incidence,537,Indiana,3,Both,22,All ages,515,Asthma,2,Percent,1995,0.0018765314624716,0.002369367650016,0.0014919195449541
6,Incidence,537,Indiana,3,Both,22,All ages,515,Asthma,3,Rate,1995,960.58620079867,1201.8523112658302,782.98819567878
6,Incidence,537,Indiana,3,Both,22,All ages,515,Asthma,1,Number,1996,55531.123038039615,69260.82236015564,45399.11881419018
6,Incidence,537,Indiana,3,Both,22,All ages,515,Asthma,2,Percent,1996,0.0018556112970895,0.0023318165342808,0.0014790283126113
6,Incidence,537,Indiana,3,Both,22,All ages,515,Asthma,3,Rate,1996,951.08434246711,1186.23359459192,777.55299557696
6,Incidence,537,Indiana,3,Both,22,All ages,515,Asthma,1,Number,1997,55644.55943961243,69219.3981120193,45640.50066883565
6,Incidence,537,Indiana,3,Both,22,All ages,515,Asthma,2,Percent,1997,0.00184285672409,0.0023127836184385,0.0014727684311683
6,Incidence,537,Indiana,3,Both,22,All ages,515,Asthma,3,Rate,1997,947.09614246001,1178.1461762931701,776.82243437129
6,Incidence,537,Indiana,3,Both,22,All ages,515,Asthma,1,Number,1998,55935.93286286972,69638.09234249638,46020.06580673861
6,Incidence,537,Indiana,3,Both,22,All ages,515,Asthma,2,Percent,1998,0.0018350043318811,0.0022982254372068,0.0014714366772843
6,Incidence,537,Indiana,3,Both,22,All ages,515,Asthma,3,Rate,1998,945.84450357156,1177.54015192409,778.17288582665
6,Incidence,537,Indiana,3,Both,22,All ages,515,Asthma,1,Number,1999,56357.43932420955,70086.62467540242,46368.45596688255
6,Incidence,537,Indiana,3,Both,22,All ages,515,Asthma,2,Percent,1999,0.001832687911958,0.0022929743477371,0.0014734481814247
6,Incidence,537,Indiana,3,Both,22,All ages,515,Asthma,3,Rate,1999,946.53415220817,1177.11848983471,778.76723435448
6,Incidence,537,Indiana,3,Both,22,All ages,515,Asthma,1,Number,2000,56774.2392773819,70742.18516151147,46842.169868485216
6,Incidence,537,Indiana,3,Both,22,All ages,515,Asthma,2,Percent,2000,0.0018340681787768,0.0023025972122693,0.0014736382346369
6,Incidence,537,Indiana,3,Both,22,All ages,515,Asthma,3,Rate,2000,946.98031434205,1179.96220810976,781.3158451987099
6,Incidence,537,Indiana,3,Both,22,All ages,515,Asthma,1,Number,2001,57195.778631836205,70705.74593385018,47387.36808067524
6,Incidence,537,Indiana,3,Both,22,All ages,515,Asthma,2,Percent,2001,0.0018423381781007,0.0023022606755013,0.0014915642683781
6,Incidence,537,Indiana,3,Both,22,All ages,515,Asthma,3,Rate,2001,947.50343075478,1171.30911491969,785.01761677019
6,Incidence,537,Indiana,3,Both,22,All ages,515,Asthma,1,Number,2002,57659.846474084814,70800.48345514899,47988.42447631688
6,Incidence,537,Indiana,3,Both,22,All ages,515,Asthma,2,Percent,2002,0.0018585057968976,0.0023119370251256,0.0015106759481649
6,Incidence,537,Indiana,3,Both,22,All ages,515,Asthma,3,Rate,2002,948.63605161621,1164.82951628389,789.51909001278
6,Incidence,537,Indiana,3,Both,22,All ages,515,Asthma,1,Number,2003,58192.731893363554,71679.5397810723,48651.9648434644
6,Incidence,537,Indiana,3,Both,22,All ages,515,Asthma,2,Percent,2003,0.0018801598901683,0.0023357412621697,0.001527123754296
6,Incidence,537,Indiana,3,Both,22,All ages,515,Asthma,3,Rate,2003,950.66358949155,1170.9903688015,794.80117239829
6,Incidence,537,Indiana,3,Both,22,All ages,515,Asthma,1,Number,2004,58904.64196246836,72266.50330420843,49062.56392738804
6,Incidence,537,Indiana,3,Both,22,All ages,515,Asthma,2,Percent,2004,0.0019083538174984,0.0023751324130746,0.0015520447506515
6,Incidence,537,Indiana,3,Both,22,All ages,515,Asthma,3,Rate,2004,955.22687665121,1171.90944445036,795.62285992198
6,Incidence,537,Indiana,3,Both,22,All ages,515,Asthma,1,Number,2005,59729.71802205996,73236.0099418895,49598.43261684693
6,Incidence,537,Indiana,3,Both,22,All ages,515,Asthma,2,Percent,2005,0.0019383997224528,0.0023926700215609,0.0015742481288005
6,Incidence,537,Indiana,3,Both,22,All ages,515,Asthma,3,Rate,2005,961.25308968147,1178.6149870418599,798.2064569381299
6,Incidence,537,Indiana,3,Both,22,All ages,515,Asthma,1,Number,2006,61421.16812716724,73837.6805353486,51140.68654871466
6,Incidence,537,Indiana,3,Both,22,All ages,515,Asthma,2,Percent,2006,0.0019971902115414,0.0024561831843396,0.0016308897545275
6,Incidence,537,Indiana,3,Both,22,All ages,515,Asthma,3,Rate,2006,980.93354540267,1179.23282738435,816.74797956779
6,Incidence,537,Indiana,3,Both,22,All ages,515,Asthma,1,Number,2007,64392.95713832883,77241.69335839449,53654.91500552597
6,Incidence,537,Indiana,3,Both,22,All ages,515,Asthma,2,Percent,2007,0.0021016792131851,0.0025801402452597,0.0017297005182811
6,Incidence,537,Indiana,3,Both,22,All ages,515,Asthma,3,Rate,2007,1020.40290855776,1224.01038976229,850.24253836402
6,Incidence,537,Indiana,3,Both,22,All ages,515,Asthma,1,Number,2008,67774.3342801123,81055.82363964814,56723.03833635966
6,Incidence,537,Indiana,3,Both,22,All ages,515,Asthma,2,Percent,2008,0.0022223128361445,0.002722264215981,0.0018506106154128
6,Incidence,537,Indiana,3,Both,22,All ages,515,Asthma,3,Rate,2008,1065.84803684035,1274.7183933040499,892.05065157194
6,Incidence,537,Indiana,3,Both,22,All ages,515,Asthma,1,Number,2009,70666.52686215656,84684.66772309957,58828.83648244933
6,Incidence,537,Indiana,3,Both,22,All ages,515,Asthma,2,Percent,2009,0.0023274116611209,0.0028318752120533,0.0019383485179146
6,Incidence,537,Indiana,3,Both,22,All ages,515,Asthma,3,Rate,2009,1103.43443536066,1322.32306669065,918.59281684465
6,Incidence,537,Indiana,3,Both,22,All ages,515,Asthma,1,Number,2010,72308.66211305704,86644.64878725157,59930.2909389221
6,Incidence,537,Indiana,3,Both,22,All ages,515,Asthma,2,Percent,2010,0.0023874581464171,0.0029021547569234,0.0019815670863679
6,Incidence,537,Indiana,3,Both,22,All ages,515,Asthma,3,Rate,2010,1121.48379677803,1343.83028053398,929.4992917875901
6,Incidence,537,Indiana,3,Both,22,All ages,515,Asthma,1,Number,2011,73068.42913530667,87151.5246390499,60670.30148855041
6,Incidence,537,Indiana,3,Both,22,All ages,515,Asthma,2,Percent,2011,0.0024145374222104,0.0029363365652934,0.0020206486656592
6,Incidence,537,Indiana,3,Both,22,All ages,515,Asthma,3,Rate,2011,1125.9860941869501,1343.00690451472,934.93067545951
6,Incidence,537,Indiana,3,Both,22,All ages,515,Asthma,1,Number,2012,73823.04954411162,87355.6806533654,61596.6278223053
6,Incidence,537,Indiana,3,Both,22,All ages,515,Asthma,2,Percent,2012,0.0024407039511114,0.0029385116368809,0.0020538391508336
6,Incidence,537,Indiana,3,Both,22,All ages,515,Asthma,3,Rate,2012,1130.60825781324,1337.86201631478,943.35924212578
6,Incidence,537,Indiana,3,Both,22,All ages,515,Asthma,1,Number,2013,74534.40790030746,87735.5882913004,62697.76433900838
6,Incidence,537,Indiana,3,Both,22,All ages,515,Asthma,2,Percent,2013,0.0024637559015602,0.0029460653271038,0.0020712283682491
6,Incidence,537,Indiana,3,Both,22,All ages,515,Asthma,3,Rate,2013,1134.69810805871,1335.67044869683,954.4992249772699
6,Incidence,537,Indiana,3,Both,22,All ages,515,Asthma,1,Number,2014,75137.06599347862,88174.58874492176,63157.38144951194
6,Incidence,537,Indiana,3,Both,22,All ages,515,Asthma,2,Percent,2014,0.0024803802505497,0.0029544987477493,0.0020785515324825
6,Incidence,537,Indiana,3,Both,22,All ages,515,Asthma,3,Rate,2014,1137.2598283637901,1334.5932042489,955.9376831857201
6,Incidence,537,Indiana,3,Both,22,All ages,515,Asthma,1,Number,2015,75574.44955485911,88481.58072130366,63515.26012964686
6,Incidence,537,Indiana,3,Both,22,All ages,515,Asthma,2,Percent,2015,0.0024881438333716,0.0029868808175766,0.0020804474422123
6,Incidence,537,Indiana,3,Both,22,All ages,515,Asthma,3,Rate,2015,1137.51835283895,1331.79166439873,956.00794327145
6,Incidence,537,Indiana,3,Both,22,All ages,515,Asthma,1,Number,2016,75866.79496732455,89224.49479219184,63774.0893003854
6,Incidence,537,Indiana,3,Both,22,All ages,515,Asthma,2,Percent,2016,0.0024878898014543,0.0029854636095886,0.0020839632763139
6,Incidence,537,Indiana,3,Both,22,All ages,515,Asthma,3,Rate,2016,1136.06374255217,1336.08798848827,954.9820919633801
6,Incidence,537,Indiana,3,Both,22,All ages,515,Asthma,1,Number,2017,76076.13766588502,90166.44444037262,64112.805304173125
6,Incidence,537,Indiana,3,Both,22,All ages,515,Asthma,2,Percent,2017,0.0024833565427946,0.0030075307707469,0.0020838206695563
6,Incidence,537,Indiana,3,Both,22,All ages,515,Asthma,3,Rate,2017,1133.88954694477,1343.90088630856,955.58005427379
6,Incidence,537,Indiana,3,Both,22,All ages,515,Asthma,1,Number,2018,76184.30119809692,91040.34866567171,64011.679170593496
6,Incidence,537,Indiana,3,Both,22,All ages,515,Asthma,2,Percent,2018,0.0024755194457883,0.0030113672352007,0.0020679346608857
6,Incidence,537,Indiana,3,Both,22,All ages,515,Asthma,3,Rate,2018,1130.54530606044,1351.0032543115599,949.90834438695
6,Incidence,537,Indiana,3,Both,22,All ages,515,Asthma,1,Number,2019,76153.7165978737,91885.89240900736,63408.47081758799
6,Incidence,537,Indiana,3,Both,22,All ages,515,Asthma,2,Percent,2019,0.0024651536299248,0.0030070027008312,0.0020362116973069
6,Incidence,537,Indiana,3,Both,22,All ages,515,Asthma,3,Rate,2019,1125.48913231284,1357.99771750198,937.12490985324
6,Incidence,537,Indiana,3,Both,22,All ages,515,Asthma,1,Number,2020,78479.79836716893,95198.30960315466,66345.90447159071
6,Incidence,537,Indiana,3,Both,22,All ages,515,Asthma,2,Percent,2020,0.0024354757324616,0.0029361364875597,0.0020406437767279
6,Incidence,537,Indiana,3,Both,22,All ages,515,Asthma,3,Rate,2020,1156.47527752313,1402.83861335834,977.6706857392201
6,Incidence,537,Indiana,3,Both,22,All ages,515,Asthma,1,Number,2021,77845.19903358574,94688.62544069935,64669.49257591025
6,Incidence,537,Indiana,3,Both,22,All ages,515,Asthma,2,Percent,2021,0.0023754684448411,0.0028797158357768,0.0019762628296069
6,Incidence,537,Indiana,3,Both,22,All ages,515,Asthma,3,Rate,2021,1144.8736789207599,1392.5908894326599,951.09783003288
